"POLITICO";"NOME_CASA";"PARTIDO";"UF";"ID";"ANO_MANDATO";"LEGISLATURA";"URL_FOTO"
"SANDES JÚNIOR";"SANDES JUNIOR";"PP";"GO";"520741";"2011";"54";"dep_520741.jpg"
"NELSON MEURER";"NELSON MEURER";"PP";"PR";"522040";"2011";"54";"dep_522040.jpg"
"ZÉ GERARDO";"ZE GERARDO";"PMDB";"CE";"74309";"2007";"53";"sem_foto.jpg"
"ELISEU PADILHA";"ELISEU PADILHA";"PMDB";"RS";"533082";"2011";"54";"dep_533082.jpg"
"JANETE CAPIBERIBE";"JANETE CAPIBERIBE";"PSB";"AP";"520257";"2011";"54";"dep_520257.jpg"
"SILAS CÂMARA";"SILAS CAMARA";"PSD";"AM";"520152";"2011";"54";"dep_520152.jpg"
"ARACELY DE PAULA";"ARACELY DE PAULA";"PR";"MG";"521241";"2011";"54";"dep_521241.jpg"
"MARCIO REINALDO MOREIRA";"MARCIO REINALDO MOREIRA";"PP";"MG";"74744";"2011";"54";"sem_foto.jpg"
"SEBASTIÃO MADEIRA";"SEBASTIAO MADEIRA";"PSDB";"MA";"74211";"2007";"53";"sem_foto.jpg"
"ISAIAS SILVESTRE";"ISAIAS SILVESTRE";"PSB";"MG";"74152";"2011";"54";"sem_foto.jpg"
"BARBOSA NETO";"BARBOSA NETO";"PDT";"PR";"141449";"2007";"53";"sem_foto.jpg"
"TADEU FILIPPELLI";"TADEU FILIPPELLI";"PMDB";"DF";"74806";"2007";"53";"sem_foto.jpg"
"MIRO TEIXEIRA";"MIRO TEIXEIRA";"PROS";"RJ";"522296";"2011";"54";"dep_522296.jpg"
"FERNANDO GABEIRA";"FERNANDO GABEIRA";"PV";"RJ";"74841";"2007";"53";"sem_foto.jpg"
"LUIS CARLOS HEINZE";"LUIS CARLOS HEINZE";"PP";"RS";"523066";"2011";"54";"dep_523066.jpg"
"MARIA HELENA";"MARIA HELENA";"PSB";"RR";"64960";"2007";"53";"sem_foto.jpg"
"RONALDO CAIADO";"RONALDO CAIADO";"DEM";"GO";"520831";"2011";"54";"dep_520831.jpg"
"PROFESSORA RAQUEL TEIXEIRA";"PROFESSORA RAQUEL TEIXEIRA";"PSDB";"GO";"74370";"2007";"53";"sem_foto.jpg"
"MARIA DO ROSÁRIO";"MARIA DO ROSARIO";"PT";"RS";"523115";"2011";"54";"dep_523115.jpg"
"OLAVO CALHEIROS";"OLAVO CALHEIROS";"PMDB";"AL";"74005";"2007";"53";"sem_foto.jpg"
"PERPÉTUA ALMEIDA";"PERPETUA ALMEIDA";"PCdoB";"AC";"520068";"2011";"54";"dep_520068.jpg"
"JOÃO LEÃO";"JOAO LEAO";"PP";"BA";"520277";"2011";"54";"dep_520277.jpg"
"VICENTINHO";"VICENTINHO";"PT";"SP";"523577";"2011";"54";"dep_523577.jpg"
"NELSON TRAD";"NELSON TRAD";"PMDB";"MS";"73761";"2007";"53";"sem_foto.jpg"
"JOÃO DADO";"JOAO DADO";"SD";"SP";"528553";"2011";"54";"dep_528553.jpg"
"OSVALDO BIOLCHI";"OSVALDO BIOLCHI";"PMDB";"RS";"73909";"2007";"53";"sem_foto.jpg"
"JOÃO ALMEIDA";"JOAO ALMEIDA";"PSDB";"BA";"74549";"2007";"53";"sem_foto.jpg"
"CARLOS ABICALIL";"CARLOS ABICALIL";"PT";"MT";"74285";"2007";"53";"sem_foto.jpg"
"EDSON DUARTE";"EDSON DUARTE";"PV";"BA";"74061";"2007";"53";"sem_foto.jpg"
"ALBÉRICO FILHO";"ALBERICO FILHO";"PMDB";"MA";"74018";"2007";"53";"sem_foto.jpg"
"TELMA DE SOUZA";"TELMA DE SOUZA";"PT";"SP";"73561";"2007";"53";"sem_foto.jpg"
"COLBERT MARTINS";"COLBERT MARTINS";"PMDB";"BA";"5829196";"2011";"54";"dep_5829196.jpg"
"CHICO DA PRINCESA";"CHICO DA PRINCESA";"PL";"PR";"74000";"2007";"53";"sem_foto.jpg"
"JOÃO MAGALHÃES";"JOAO MAGALHAES";"PMDB";"MG";"521109";"2011";"54";"dep_521109.jpg"
"PEDRO NOVAIS";"PEDRO NOVAIS";"PMDB";"MA";"520901";"2011";"54";"dep_520901.jpg"
"ALDO REBELO";"ALDO REBELO";"PCdoB";"SP";"73428";"2011";"54";"sem_foto.jpg"
"ARNALDO MADEIRA";"ARNALDO MADEIRA";"PSDB";"SP";"73993";"2007";"53";"sem_foto.jpg"
"SILAS BRASILEIRO";"SILAS BRASILEIRO";"PMDB";"MG";"74765";"2011";"54";"sem_foto.jpg"
"DANIEL ALMEIDA";"DANIEL ALMEIDA";"PCdoB";"BA";"520407";"2011";"54";"dep_520407.jpg"
"LUIZ BASSUMA";"LUIZ BASSUMA";"PT";"BA";"74059";"2007";"53";"sem_foto.jpg"
"MILTON MONTI";"MILTON MONTI";"PR";"SP";"523624";"2011";"54";"dep_523624.jpg"
"ALEXANDRE CARDOSO";"ALEXANDRE CARDOSO";"PSB";"RJ";"74829";"2011";"54";"sem_foto.jpg"
"NELSON BORNIER";"NELSON BORNIER";"PMDB";"RJ";"73416";"2007";"53";"sem_foto.jpg"
"AIRTON ROVEDA";"AIRTON ROVEDA";"PPS";"PR";"73457";"2007";"53";"sem_foto.jpg"
"ANTONIO CARLOS MENDES THAME";"ANTONIO CARLOS MENDES THAME";"PSDB";"SP";"524132";"2011";"54";"dep_524132.jpg"
"ANTONIO CARLOS PANNUNZIO";"ANTONIO CARLOS PANNUNZIO";"PSDB";"SP";"73431";"2007";"53";"sem_foto.jpg"
"JULIO SEMEGHINI";"JULIO SEMEGHINI";"PSDB";"SP";"74783";"2011";"54";"sem_foto.jpg"
"JOSÉ SANTANA DE VASCONCELLOS";"JOSE SANTANA DE VASCONCELLOS";"PL";"MG";"74741";"2007";"53";"sem_foto.jpg"
"REINHOLD STEPHANES";"REINHOLD STEPHANES";"PSD";"PR";"522109";"2011";"54";"dep_522109.jpg"
"MILTON BARBOSA";"MILTON BARBOSA";"PSC";"BA";"74337";"2007";"53";"sem_foto.jpg"
"LUCI CHOINACKI";"LUCI CHOINACKI";"PT";"SC";"530170";"2011";"54";"dep_530170.jpg"
"CLAUDIO CAJADO";"CLAUDIO CAJADO";"DEM";"BA";"520340";"2011";"54";"dep_520340.jpg"
"RICARDO BARROS";"RICARDO BARROS";"PP";"PR";"73788";"2007";"53";"sem_foto.jpg"
"POMPEO DE MATTOS";"POMPEO DE MATTOS";"PDT";"RS";"73486";"2007";"53";"sem_foto.jpg"
"MAX ROSENMANN";"MAX ROSENMANN";"PMDB";"PR";"73780";"2007";"53";"sem_foto.jpg"
"LEONARDO VILELA";"LEONARDO VILELA";"PSDB";"GO";"74368";"2007";"53";"sem_foto.jpg"
"JOSIAS GOMES";"JOSIAS GOMES";"PT";"BA";"530021";"2011";"54";"dep_530021.jpg"
"PASTOR FRANKEMBERGEN";"PASTOR FRANKEMBERGEN";"PTB";"RR";"73921";"2007";"53";"sem_foto.jpg"
"HENRIQUE EDUARDO ALVES";"HENRIQUE EDUARDO ALVES";"PMDB";"RN";"522840";"2011";"54";"dep_522840.jpg"
"MARINHA RAUPP";"MARINHA RAUPP";"PMDB";"RO";"522922";"2011";"54";"dep_522922.jpg"
"LAEL VARELLA";"LAEL VARELLA";"DEM";"MG";"521230";"2011";"54";"dep_521230.jpg"
"BENEDITO DE LIRA";"BENEDITO DE LIRA";"PP";"AL";"74517";"2007";"53";"sem_foto.jpg"
"DARCÍSIO PERONDI";"DARCISIO PERONDI";"PMDB";"RS";"523144";"2011";"54";"dep_523144.jpg"
"SALVADOR ZIMBALDI";"SALVADOR ZIMBALDI";"PROS";"SP";"530185";"2011";"54";"dep_530185.jpg"
"ONYX LORENZONI";"ONYX LORENZONI";"DEM";"RS";"523198";"2011";"54";"dep_523198.jpg"
"RAUL JUNGMANN";"RAUL JUNGMANN";"PPS";"PE";"74048";"2007";"53";"sem_foto.jpg"
"LUIZ ALBERTO";"LUIZ ALBERTO";"PT";"BA";"520290";"2011";"54";"dep_520290.jpg"
"MAURO BENEVIDES";"MAURO BENEVIDES";"PMDB";"CE";"520437";"2011";"54";"dep_520437.jpg"
"JORGE PINHEIRO";"JORGE PINHEIRO";"PRB";"GO";"73569";"2011";"54";"sem_foto.jpg"
"WALDEMIR MOKA";"WALDEMIR MOKA";"PMDB";"MS";"73456";"2007";"53";"sem_foto.jpg"
"LUIZ SÉRGIO";"LUIZ SERGIO";"PT";"RJ";"522334";"2011";"54";"dep_522334.jpg"
"INOCÊNCIO OLIVEIRA";"INOCENCIO OLIVEIRA";"PR";"PE";"521856";"2011";"54";"dep_521856.jpg"
"ENÉAS";"ENEAS";"PRONA";"SP";"74269";"2007";"53";"sem_foto.jpg"
"CARLOS MELLES";"CARLOS MELLES";"DEM";"MG";"521245";"2011";"54";"dep_521245.jpg"
"GERVÁSIO SILVA";"GERVASIO SILVA";"PFL";"SC";"73472";"2007";"53";"sem_foto.jpg"
"ALICE PORTUGAL";"ALICE PORTUGAL";"PCdoB";"BA";"520406";"2011";"54";"dep_520406.jpg"
"WELLINGTON ROBERTO";"WELLINGTON ROBERTO";"PR";"PB";"521710";"2011";"54";"dep_521710.jpg"
"VIC PIRES FRANCO";"VIC PIRES FRANCO";"PFL";"PA";"74087";"2007";"53";"sem_foto.jpg"
"ARNALDO FARIA DE SÁ";"ARNALDO FARIA DE SA";"PTB";"SP";"523606";"2011";"54";"dep_523606.jpg"
"ANTONIO CARLOS MAGALHÃES NETO";"ANTONIO CARLOS MAGALHAES NETO";"PFL";"BA";"74058";"2007";"53";"sem_foto.jpg"
"LUCIANA GENRO";"LUCIANA GENRO";"PSOL";"RS";"74397";"2007";"53";"sem_foto.jpg"
"RONALDO CUNHA LIMA";"RONALDO CUNHA LIMA";"PSDB";"PB";"74042";"2007";"53";"sem_foto.jpg"
"JOÃO CALDAS";"JOAO CALDAS";"SD";"AL";"5829170";"2011";"54";"dep_5829170.jpg"
"FÁBIO SOUTO";"FABIO SOUTO";"DEM";"BA";"520353";"2011";"54";"dep_520353.jpg"
"JOSÉ MENDONÇA BEZERRA";"JOSE MENDONCA BEZERRA";"PFL";"PE";"74425";"2007";"53";"sem_foto.jpg"
"PAULO DELGADO";"PAULO DELGADO";"PT";"MG";"74754";"2007";"53";"sem_foto.jpg"
"JOSÉ CARLOS ALELUIA";"JOSE CARLOS ALELUIA";"PFL";"BA";"74553";"2007";"53";"sem_foto.jpg"
"VANDER LOUBET";"VANDER LOUBET";"PT";"MS";"521435";"2011";"54";"dep_521435.jpg"
"LINCOLN PORTELA";"LINCOLN PORTELA";"PR";"MG";"521137";"2011";"54";"dep_521137.jpg"
"ARLINDO CHINAGLIA";"ARLINDO CHINAGLIA";"PT";"SP";"523540";"2011";"54";"dep_523540.jpg"
"JAIME MARTINS";"JAIME MARTINS";"PSD";"MG";"521243";"2011";"54";"dep_521243.jpg"
"CELCITA PINHEIRO";"CELCITA PINHEIRO";"PFL";"MT";"74799";"2007";"53";"sem_foto.jpg"
"JADER BARBALHO";"JADER BARBALHO";"PMDB";"PA";"73929";"2007";"53";"sem_foto.jpg"
"CARLITO MERSS";"CARLITO MERSS";"PT";"SC";"73469";"2007";"53";"sem_foto.jpg"
"PEDRO FERNANDES";"PEDRO FERNANDES";"PTB";"MA";"520935";"2011";"54";"dep_520935.jpg"
"JOSÉ MENTOR";"JOSE MENTOR";"PT";"SP";"523548";"2011";"54";"dep_523548.jpg"
"LEANDRO VILELA";"LEANDRO VILELA";"PMDB";"GO";"520774";"2011";"54";"dep_520774.jpg"
"JÚLIO CESAR";"JULIO CESAR";"PSD";"PI";"522014";"2011";"54";"dep_522014.jpg"
"MÁRIO NEGROMONTE";"MARIO NEGROMONTE";"PP";"BA";"74635";"2011";"54";"sem_foto.jpg"
"WALTER PINHEIRO";"WALTER PINHEIRO";"PT";"BA";"74218";"2007";"53";"sem_foto.jpg"
"MUSSA DEMES";"MUSSA DEMES";"PFL";"PI";"74318";"2007";"53";"sem_foto.jpg"
"CEZAR SCHIRMER";"CEZAR SCHIRMER";"PMDB";"RS";"73480";"2007";"53";"sem_foto.jpg"
"HENRIQUE FONTANA";"HENRIQUE FONTANA";"PT";"RS";"523097";"2011";"54";"dep_523097.jpg"
"PAULO RATTES";"PAULO RATTES";"PMDB";"RJ";"73612";"2007";"53";"sem_foto.jpg"
"FERNANDO LOPES";"FERNANDO LOPES";"PMDB";"RJ";"74843";"2011";"54";"sem_foto.jpg"
"BIFFI";"BIFFI";"PT";"MS";"521434";"2011";"54";"dep_521434.jpg"
"PAULO ROCHA";"PAULO ROCHA";"PT";"PA";"74082";"2007";"53";"sem_foto.jpg"
"JÚLIO REDECKER";"JULIO REDECKER";"PSDB";"RS";"73994";"2007";"53";"sem_foto.jpg"
"GUSTAVO FRUET";"GUSTAVO FRUET";"PSDB";"PR";"73460";"2007";"53";"sem_foto.jpg"
"SEVERIANO ALVES";"SEVERIANO ALVES";"PDT";"BA";"74641";"2007";"53";"sem_foto.jpg"
"LUIZA ERUNDINA";"LUIZA ERUNDINA";"PSB";"SP";"523941";"2011";"54";"dep_523941.jpg"
"NILTON CAPIXABA";"NILTON CAPIXABA";"PTB";"RO";"530151";"2011";"54";"dep_530151.jpg"
"AGNALDO MUNIZ";"AGNALDO MUNIZ";"PP";"RO";"74358";"2007";"53";"sem_foto.jpg"
"ENIO BACCI";"ENIO BACCI";"PDT";"RS";"523088";"2011";"54";"dep_523088.jpg"
"EDUARDO GOMES";"EDUARDO GOMES";"PSDB";"TO";"73945";"2011";"54";"sem_foto.jpg"
"NELSON PELLEGRINO";"NELSON PELLEGRINO";"PT";"BA";"520301";"2011";"54";"dep_520301.jpg"
"ROBERTO MAGALHÃES";"ROBERTO MAGALHAES";"PFL";"PE";"74433";"2007";"53";"sem_foto.jpg"
"ADÃO PRETTO";"ADAO PRETTO";"PT";"RS";"73886";"2007";"53";"sem_foto.jpg"
"WELLINGTON FAGUNDES";"WELLINGTON FAGUNDES";"PR";"MT";"521528";"2011";"54";"dep_521528.jpg"
"MANOEL SALVIANO";"MANOEL SALVIANO";"PSD";"CE";"520518";"2011";"54";"dep_520518.jpg"
"CARLOS SAMPAIO";"CARLOS SAMPAIO";"PSDB";"SP";"524095";"2011";"54";"dep_524095.jpg"
"DEVANIR RIBEIRO";"DEVANIR RIBEIRO";"PT";"SP";"523570";"2011";"54";"dep_523570.jpg"
"NAZARENO FONTELES";"NAZARENO FONTELES";"PT";"PI";"74491";"2011";"54";"sem_foto.jpg"
"EDMAR MOREIRA";"EDMAR MOREIRA";"PFL";"MG";"74580";"2007";"53";"sem_foto.jpg"
"PAULO BAUER";"PAULO BAUER";"PSDB";"SC";"73882";"2007";"53";"sem_foto.jpg"
"THELMA DE OLIVEIRA";"THELMA DE OLIVEIRA";"PSDB";"MT";"74286";"2007";"53";"sem_foto.jpg"
"BENJAMIN MARANHÃO";"BENJAMIN MARANHAO";"SD";"PB";"530097";"2011";"54";"dep_530097.jpg"
"ABELARDO LUPION";"ABELARDO LUPION";"DEM";"PR";"522187";"2011";"54";"dep_522187.jpg"
"ALBERTO FRAGA";"ALBERTO FRAGA";"PFL";"DF";"73579";"2007";"53";"sem_foto.jpg"
"OSMAR SERRAGLIO";"OSMAR SERRAGLIO";"PMDB";"PR";"522117";"2011";"54";"dep_522117.jpg"
"CARLOS SOUZA";"CARLOS SOUZA";"PSD";"AM";"520162";"2011";"54";"dep_520162.jpg"
"JEFFERSON CAMPOS";"JEFFERSON CAMPOS";"PSD";"SP";"523964";"2011";"54";"dep_523964.jpg"
"FERNANDO DINIZ";"FERNANDO DINIZ";"PMDB";"MG";"74658";"2007";"53";"sem_foto.jpg"
"VALDIR COLATTO";"VALDIR COLATTO";"PMDB";"SC";"74010";"2011";"54";"sem_foto.jpg"
"NELSON PROENÇA";"NELSON PROENCA";"PPS";"RS";"73907";"2007";"53";"sem_foto.jpg"
"JOSÉ MÚCIO MONTEIRO";"JOSE MUCIO MONTEIRO";"PTB";"PE";"74426";"2007";"53";"sem_foto.jpg"
"NARCIO RODRIGUES";"NARCIO RODRIGUES";"PSDB";"MG";"74108";"2011";"54";"sem_foto.jpg"
"CLÁUDIO DIAZ";"CLAUDIO DIAZ";"PSDB";"RS";"141057";"2007";"53";"sem_foto.jpg"
"TARCÍSIO ZIMMERMANN";"TARCISIO ZIMMERMANN";"PT";"RS";"73577";"2007";"53";"sem_foto.jpg"
"ANTONIO CRUZ";"ANTONIO CRUZ";"PP";"MS";"73817";"2007";"53";"sem_foto.jpg"
"TATICO";"TATICO";"PTB";"GO";"74289";"2007";"53";"sem_foto.jpg"
"SANDRA ROSADO";"SANDRA ROSADO";"PSB";"RN";"522843";"2011";"54";"dep_522843.jpg"
"JANDIRA FEGHALI";"JANDIRA FEGHALI";"PCdoB";"RJ";"530146";"2011";"54";"dep_530146.jpg"
"MARCELO GUIMARÃES FILHO";"MARCELO GUIMARAES FILHO";"PMDB";"BA";"74143";"2011";"54";"sem_foto.jpg"
"JOÃO LYRA";"JOAO LYRA";"PSD";"AL";"530006";"2011";"54";"dep_530006.jpg"
"SANDRO MABEL";"SANDRO MABEL";"PMDB";"GO";"520829";"2011";"54";"dep_520829.jpg"
"JOÃO PAULO CUNHA";"JOAO PAULO CUNHA";"PT";"SP";"73534";"2011";"54";"sem_foto.jpg"
"CUSTÓDIO MATTOS";"CUSTODIO MATTOS";"PSDB";"MG";"74579";"2007";"53";"sem_foto.jpg"
"JOSÉ EDUARDO CARDOZO";"JOSE EDUARDO CARDOZO";"PT";"SP";"74274";"2007";"53";"sem_foto.jpg"
"LOBBE NETO";"LOBBE NETO";"PSDB";"SP";"74277";"2007";"53";"sem_foto.jpg"
"ALEXANDRE SANTOS";"ALEXANDRE SANTOS";"PMDB";"RJ";"522696";"2011";"54";"dep_522696.jpg"
"GONZAGA PATRIOTA";"GONZAGA PATRIOTA";"PSB";"PE";"521901";"2011";"54";"dep_521901.jpg"
"HERMES PARCIANELLO";"HERMES PARCIANELLO";"PMDB";"PR";"522119";"2011";"54";"dep_522119.jpg"
"IVAN VALENTE";"IVAN VALENTE";"PSOL";"SP";"523546";"2011";"54";"dep_523546.jpg"
"B. SÁ";"B. SA";"PSB";"PI";"74312";"2007";"53";"sem_foto.jpg"
"DILCEU SPERAFICO";"DILCEU SPERAFICO";"PP";"PR";"522042";"2011";"54";"dep_522042.jpg"
"CARLOS SANTANA";"CARLOS SANTANA";"PT";"RJ";"74835";"2007";"53";"sem_foto.jpg"
"IRINY LOPES";"IRINY LOPES";"PT";"ES";"520657";"2011";"54";"dep_520657.jpg"
"JOSUÉ BENGTSON";"JOSUE BENGTSON";"PTB";"PA";"530090";"2011";"54";"dep_530090.jpg"
"JOSÉ PIMENTEL";"JOSE PIMENTEL";"PT";"CE";"74298";"2007";"53";"sem_foto.jpg"
"VANESSA GRAZZIOTIN";"VANESSA GRAZZIOTIN";"PCdoB";"AM";"74357";"2007";"53";"sem_foto.jpg"
"LUCIANO CASTRO";"LUCIANO CASTRO";"PR";"RR";"523023";"2011";"54";"dep_523023.jpg"
"ROBERTO FREIRE";"ROBERTO FREIRE";"PPS";"SP";"530195";"2011";"54";"dep_530195.jpg"
"LEONARDO MONTEIRO";"LEONARDO MONTEIRO";"PT";"MG";"521068";"2011";"54";"dep_521068.jpg"
"ODÍLIO BALBINOTTI";"ODILIO BALBINOTTI";"PMDB";"PR";"531977";"2011";"54";"dep_531977.jpg"
"FRANCISCO ESCÓRCIO";"FRANCISCO ESCORCIO";"PMDB";"MA";"531070";"2011";"54";"dep_531070.jpg"
"SARNEY FILHO";"SARNEY FILHO";"PV";"MA";"520939";"2011";"54";"dep_520939.jpg"
"ZEQUINHA MARINHO";"ZEQUINHA MARINHO";"PSC";"PA";"521577";"2011";"54";"dep_521577.jpg"
"PAULO RUBEM SANTIAGO";"PAULO RUBEM SANTIAGO";"PDT";"PE";"531877";"2011";"54";"dep_531877.jpg"
"MARIA LÚCIA CARDOSO";"MARIA LUCIA CARDOSO";"PMDB";"MG";"74587";"2007";"53";"sem_foto.jpg"
"ROBERTO BALESTRA";"ROBERTO BALESTRA";"PP";"GO";"520737";"2011";"54";"dep_520737.jpg"
"JORGE BITTAR";"JORGE BITTAR";"PT";"RJ";"522344";"2011";"54";"dep_522344.jpg"
"GIACOBO";"GIACOBO";"PR";"PR";"522180";"2011";"54";"dep_522180.jpg"
"ANDRÉ ZACHAROW";"ANDRE ZACHAROW";"PMDB";"PR";"522059";"2011";"54";"dep_522059.jpg"
"ARMANDO ABÍLIO";"ARMANDO ABILIO";"PTB";"PB";"74405";"2011";"54";"sem_foto.jpg"
"AROLDE DE OLIVEIRA";"AROLDE DE OLIVEIRA";"PSD";"RJ";"522534";"2011";"54";"dep_522534.jpg"
"NELSON MARQUEZELLI";"NELSON MARQUEZELLI";"PTB";"SP";"523597";"2011";"54";"dep_523597.jpg"
"JOVAIR ARANTES";"JOVAIR ARANTES";"PTB";"GO";"520853";"2011";"54";"dep_520853.jpg"
"RUBENS OTONI";"RUBENS OTONI";"PT";"GO";"520760";"2011";"54";"dep_520760.jpg"
"WILSON SANTIAGO";"WILSON SANTIAGO";"PMDB";"PB";"74044";"2007";"53";"sem_foto.jpg"
"CARLOS ALBERTO LERÉIA";"CARLOS ALBERTO LEREIA";"PSDB";"GO";"74290";"2011";"54";"sem_foto.jpg"
"EUNÍCIO OLIVEIRA";"EUNICIO OLIVEIRA";"PMDB";"CE";"74454";"2007";"53";"sem_foto.jpg"
"TAKAYAMA";"TAKAYAMA";"PSC";"PR";"522097";"2011";"54";"dep_522097.jpg"
"JOSÉ ROCHA";"JOSE ROCHA";"PR";"BA";"520341";"2011";"54";"dep_520341.jpg"
"JORGE ALBERTO";"JORGE ALBERTO";"PMDB";"SE";"74563";"2007";"53";"sem_foto.jpg"
"RAFAEL GUERRA";"RAFAEL GUERRA";"PSDB";"MG";"74590";"2007";"53";"sem_foto.jpg"
"EDUARDO VALVERDE";"EDUARDO VALVERDE";"PT";"RO";"73938";"2007";"53";"sem_foto.jpg"
"CARLOS EDUARDO CADOCA";"CARLOS EDUARDO CADOCA";"PCdoB";"PE";"521814";"2011";"54";"dep_521814.jpg"
"NÉLIO DIAS";"NELIO DIAS";"PP";"RN";"74038";"2007";"53";"sem_foto.jpg"
"GERALDO THADEU";"GERALDO THADEU";"PSD";"MG";"521216";"2011";"54";"dep_521216.jpg"
"ARIOSTO HOLANDA";"ARIOSTO HOLANDA";"PROS";"CE";"520520";"2011";"54";"dep_520520.jpg"
"LUPÉRCIO RAMOS";"LUPERCIO RAMOS";"PMDB";"AM";"73936";"2007";"53";"sem_foto.jpg"
"JACKSON BARRETO";"JACKSON BARRETO";"PTB";"SE";"77701";"2007";"53";"sem_foto.jpg"
"DR. PINOTTI";"DR. PINOTTI";"PFL";"SP";"73542";"2007";"53";"sem_foto.jpg"
"MENDES RIBEIRO FILHO";"MENDES RIBEIRO FILHO";"PMDB";"RS";"73904";"2007";"53";"sem_foto.jpg"
"AFFONSO CAMARGO";"AFFONSO CAMARGO";"PSDB";"PR";"73765";"2007";"53";"sem_foto.jpg"
"RAIMUNDO GOMES DE MATOS";"RAIMUNDO GOMES DE MATOS";"PSDB";"CE";"520511";"2011";"54";"dep_520511.jpg"
"JAIR BOLSONARO";"JAIR BOLSONARO";"PP";"RJ";"522255";"2011";"54";"dep_522255.jpg"
"FERNANDO GONÇALVES";"FERNANDO GONCALVES";"PTB";"RJ";"74842";"2007";"53";"sem_foto.jpg"
"MARCELO ORTIZ";"MARCELO ORTIZ";"PV";"SP";"74278";"2007";"53";"sem_foto.jpg"
"JULIO LOPES";"JULIO LOPES";"PP";"RJ";"530127";"2011";"54";"dep_530127.jpg"
"COSTA FERREIRA";"COSTA FERREIRA";"PSC";"MA";"74016";"2007";"53";"sem_foto.jpg"
"NILSON MOURÃO";"NILSON MOURAO";"PT";"AC";"74365";"2007";"53";"sem_foto.jpg"
"DAVI ALCOLUMBRE";"DAVI ALCOLUMBRE";"DEM";"AP";"520221";"2011";"54";"dep_520221.jpg"
"ZEZÉU RIBEIRO";"ZEZEU RIBEIRO";"PT";"BA";"74145";"2007";"53";"sem_foto.jpg"
"ARNON BEZERRA";"ARNON BEZERRA";"PTB";"CE";"520515";"2011";"54";"dep_520515.jpg"
"ÁTILA LIRA";"ATILA LIRA";"PSB";"PI";"522033";"2011";"54";"dep_522033.jpg"
"MARCONDES GADELHA";"MARCONDES GADELHA";"PSB";"PB";"74470";"2007";"53";"sem_foto.jpg"
"CLÓVIS FECURY";"CLOVIS FECURY";"PFL";"MA";"74026";"2007";"53";"sem_foto.jpg"
"PAULO LIMA";"PAULO LIMA";"PMDB";"SP";"73555";"2007";"53";"sem_foto.jpg"
"OSÓRIO ADRIANO";"OSORIO ADRIANO";"PFL";"DF";"73660";"2007";"53";"sem_foto.jpg"
"CHICO ALENCAR";"CHICO ALENCAR";"PSOL";"RJ";"522329";"2011";"54";"dep_522329.jpg"
"DAMIÃO FELICIANO";"DAMIAO FELICIANO";"PDT";"PB";"521713";"2011";"54";"dep_521713.jpg"
"JURANDIL JUAREZ";"JURANDIL JUAREZ";"PMDB";"AP";"74346";"2007";"53";"sem_foto.jpg"
"ADEMIR CAMILO";"ADEMIR CAMILO";"PROS";"MG";"521210";"2011";"54";"dep_521210.jpg"
"VICENTE ARRUDA";"VICENTE ARRUDA";"PROS";"CE";"520521";"2011";"54";"dep_520521.jpg"
"JOSÉ LINHARES";"JOSE LINHARES";"PP";"CE";"520409";"2011";"54";"dep_520409.jpg"
"SANDRO MATOS";"SANDRO MATOS";"PTB";"RJ";"74258";"2007";"53";"sem_foto.jpg"
"EDUARDO CUNHA";"EDUARDO CUNHA";"PMDB";"RJ";"522260";"2011";"54";"dep_522260.jpg"
"ÁTILA LINS";"ATILA LINS";"PSD";"AM";"520172";"2011";"54";"dep_520172.jpg"
"MARIA DO CARMO LARA";"MARIA DO CARMO LARA";"PT";"MG";"74586";"2007";"53";"sem_foto.jpg"
"RENILDO CALHEIROS";"RENILDO CALHEIROS";"PCdoB";"PE";"73801";"2007";"53";"sem_foto.jpg"
"ZENALDO COUTINHO";"ZENALDO COUTINHO";"PSDB";"PA";"74354";"2011";"54";"sem_foto.jpg"
"JUTAHY JUNIOR";"JUTAHY JUNIOR";"PSDB";"BA";"520403";"2011";"54";"dep_520403.jpg"
"REGINALDO LOPES";"REGINALDO LOPES";"PT";"MG";"521043";"2011";"54";"dep_521043.jpg"
"DIMAS RAMALHO";"DIMAS RAMALHO";"PPS";"SP";"74265";"2007";"53";"sem_foto.jpg"
"PAULO MAGALHÃES";"PAULO MAGALHAES";"PSD";"BA";"520343";"2011";"54";"dep_520343.jpg"
"CLÁUDIO MAGRÃO";"CLAUDIO MAGRAO";"PPS";"SP";"74263";"2007";"53";"sem_foto.jpg"
"RICARDO IZAR";"RICARDO IZAR";"PSD";"SP";"530206";"2011";"54";"dep_530206.jpg"
"NICE LOBÃO";"NICE LOBAO";"PFL";"MA";"74447";"2007";"53";"sem_foto.jpg"
"RODRIGO MAIA";"RODRIGO MAIA";"DEM";"RJ";"522553";"2011";"54";"dep_522553.jpg"
"JÚLIO DELGADO";"JULIO DELGADO";"PSB";"MG";"521209";"2011";"54";"dep_521209.jpg"
"WASHINGTON LUIZ";"WASHINGTON LUIZ";"PT";"MA";"74490";"2007";"53";"sem_foto.jpg"
"MANATO";"MANATO";"SD";"ES";"520647";"2011";"54";"dep_520647.jpg"
"SARAIVA FELIPE";"SARAIVA FELIPE";"PMDB";"MG";"521130";"2011";"54";"dep_521130.jpg"
"JOSÉ OTÁVIO GERMANO";"JOSE OTAVIO GERMANO";"PP";"RS";"523061";"2011";"54";"dep_523061.jpg"
"NILSON PINTO";"NILSON PINTO";"PSDB";"PA";"521683";"2011";"54";"dep_521683.jpg"
"PEDRO CHAVES";"PEDRO CHAVES";"PMDB";"GO";"520787";"2011";"54";"dep_520787.jpg"
"ALEX CANZIANI";"ALEX CANZIANI";"PTB";"PR";"522236";"2011";"54";"dep_522236.jpg"
"JORGE KHOURY";"JORGE KHOURY";"PFL";"BA";"74552";"2007";"53";"sem_foto.jpg"
"PASTOR PEDRO RIBEIRO";"PASTOR PEDRO RIBEIRO";"PMDB";"CE";"74032";"2007";"53";"sem_foto.jpg"
"JOSÉ CARLOS MACHADO";"JOSE CARLOS MACHADO";"PFL";"SE";"74055";"2007";"53";"sem_foto.jpg"
"MAURÍCIO QUINTELLA LESSA";"MAURICIO QUINTELLA LESSA";"PR";"AL";"520128";"2011";"54";"dep_520128.jpg"
"ODAIR CUNHA";"ODAIR CUNHA";"PT";"MG";"521038";"2011";"54";"dep_521038.jpg"
"OSVALDO REIS";"OSVALDO REIS";"PMDB";"TO";"5829194";"2011";"54";"dep_5829194.jpg"
"EDUARDO SCIARRA";"EDUARDO SCIARRA";"PSD";"PR";"522190";"2011";"54";"dep_522190.jpg"
"NEUCIMAR FRAGA";"NEUCIMAR FRAGA";"PL";"ES";"74165";"2007";"53";"sem_foto.jpg"
"GORETE PEREIRA";"GORETE PEREIRA";"PR";"CE";"520468";"2011";"54";"dep_520468.jpg"
"ANDRÉ FIGUEIREDO";"ANDRE FIGUEIREDO";"PDT";"CE";"530033";"2011";"54";"dep_530033.jpg"
"MAURÍCIO RANDS";"MAURICIO RANDS";"PT";"PE";"74045";"2007";"53";"sem_foto.jpg"
"LUIZ BITTENCOURT";"LUIZ BITTENCOURT";"PMDB";"GO";"74810";"2007";"53";"sem_foto.jpg"
"JORGE BOEIRA";"JORGE BOEIRA";"PP";"SC";"523277";"2011";"54";"dep_523277.jpg"
"MARCELO TEIXEIRA";"MARCELO TEIXEIRA";"PSDB";"CE";"74300";"2007";"53";"sem_foto.jpg"
"RICARDO BERZOINI";"RICARDO BERZOINI";"PT";"SP";"74793";"2007";"53";"sem_foto.jpg"
"ANDRÉ DE PAULA";"ANDRE DE PAULA";"PSD";"PE";"5829234";"2011";"54";"dep_5829234.jpg"
"JOÃO MATOS";"JOAO MATOS";"PMDB";"SC";"73873";"2007";"53";"sem_foto.jpg"
"NATAN DONADON";"NATAN DONADON";"PMDB";"RO";"133372";"2011";"54";"sem_foto.jpg"
"ROGERIO SILVA";"ROGERIO SILVA";"PP";"MT";"73651";"2007";"53";"sem_foto.jpg"
"SIMÃO SESSIM";"SIMAO SESSIM";"PP";"RJ";"522258";"2011";"54";"dep_522258.jpg"
"EDIR OLIVEIRA";"EDIR OLIVEIRA";"PTB";"RS";"73599";"2007";"53";"sem_foto.jpg"
"OLIVEIRA FILHO";"OLIVEIRA FILHO";"PRB";"PR";"73464";"2011";"54";"sem_foto.jpg"
"MOACIR MICHELETTO";"MOACIR MICHELETTO";"PMDB";"PR";"74238";"2007";"53";"sem_foto.jpg"
"MENDONÇA PRADO";"MENDONCA PRADO";"DEM";"SE";"523410";"2011";"54";"dep_523410.jpg"
"BONIFÁCIO DE ANDRADA";"BONIFACIO DE ANDRADA";"PSDB";"MG";"531197";"2011";"54";"dep_531197.jpg"
"CARLOS WILLIAN";"CARLOS WILLIAN";"PTC";"MG";"74148";"2007";"53";"sem_foto.jpg"
"ROBSON TUMA";"ROBSON TUMA";"PFL";"SP";"73558";"2007";"53";"sem_foto.jpg"
"BERNARDO ARISTON";"BERNARDO ARISTON";"PMDB";"RJ";"74169";"2007";"53";"sem_foto.jpg"
"FERNANDO FERRO";"FERNANDO FERRO";"PT";"PE";"521798";"2011";"54";"dep_521798.jpg"
"PAES LANDIM";"PAES LANDIM";"PTB";"PI";"522008";"2011";"54";"dep_522008.jpg"
"EVANDRO MILHOMEN";"EVANDRO MILHOMEN";"PCdoB";"AP";"520258";"2011";"54";"dep_520258.jpg"
"JOÃO PIZZOLATTI";"JOAO PIZZOLATTI";"PP";"SC";"523257";"2011";"54";"dep_523257.jpg"
"VILMAR ROCHA";"VILMAR ROCHA";"PSD";"GO";"530055";"2011";"54";"dep_530055.jpg"
"LUIZ CARREIRA";"LUIZ CARREIRA";"PFL";"BA";"74142";"2007";"53";"sem_foto.jpg"
"DR. ROSINHA";"DR. ROSINHA";"PT";"PR";"522070";"2011";"54";"dep_522070.jpg"
"ZÉ GERALDO";"ZE GERALDO";"PT";"PA";"521592";"2011";"54";"dep_521592.jpg"
"GERALDO RESENDE";"GERALDO RESENDE";"PMDB";"MS";"521466";"2011";"54";"dep_521466.jpg"
"VADÃO GOMES";"VADAO GOMES";"PP";"SP";"73564";"2007";"53";"sem_foto.jpg"
"LUIZ CARLOS HAULY";"LUIZ CARLOS HAULY";"PSDB";"PR";"522230";"2011";"54";"dep_522230.jpg"
"ARMANDO MONTEIRO";"ARMANDO MONTEIRO";"PTB";"PE";"74472";"2007";"53";"sem_foto.jpg"
"LUIZ COUTO";"LUIZ COUTO";"PT";"PB";"521703";"2011";"54";"dep_521703.jpg"
"JOÃO CARLOS BACELAR";"JOAO CARLOS BACELAR";"PR";"BA";"524833";"2011";"54";"dep_524833.jpg"
"PAULO FEIJÓ";"PAULO FEIJO";"PR";"RJ";"532214";"2011";"54";"dep_532214.jpg"
"JOSÉ CARLOS ARAÚJO";"JOSE CARLOS ARAUJO";"PSD";"BA";"520332";"2011";"54";"dep_520332.jpg"
"CELSO RUSSOMANNO";"CELSO RUSSOMANNO";"PP";"SP";"73441";"2007";"53";"sem_foto.jpg"
"LEONARDO PICCIANI";"LEONARDO PICCIANI";"PMDB";"RJ";"522398";"2011";"54";"dep_522398.jpg"
"CIRO NOGUEIRA";"CIRO NOGUEIRA";"PP";"PI";"74313";"2007";"53";"sem_foto.jpg"
"BETINHO ROSADO";"BETINHO ROSADO";"PP";"RN";"522860";"2011";"54";"dep_522860.jpg"
"FÉLIX MENDONÇA";"FELIX MENDONCA";"PFL";"BA";"74542";"2007";"53";"sem_foto.jpg"
"MICHEL TEMER";"MICHEL TEMER";"PMDB";"SP";"73552";"2007";"53";"sem_foto.jpg"
"WALTER FELDMAN";"WALTER FELDMAN";"PSDB";"SP";"74284";"2011";"54";"sem_foto.jpg"
"MÁRIO HERINGER";"MARIO HERINGER";"PDT";"MG";"74158";"2007";"53";"sem_foto.jpg"
"GILMAR MACHADO";"GILMAR MACHADO";"PT";"MG";"74581";"2011";"54";"sem_foto.jpg"
"FRANCISCO RODRIGUES";"FRANCISCO RODRIGUES";"PFL";"RR";"73981";"2007";"53";"sem_foto.jpg"
"GASTÃO VIEIRA";"GASTAO VIEIRA";"PMDB";"MA";"520904";"2011";"54";"dep_520904.jpg"
"PAUDERNEY AVELINO";"PAUDERNEY AVELINO";"DEM";"AM";"530011";"2011";"54";"dep_530011.jpg"
"LEO ALCÂNTARA";"LEO ALCANTARA";"PSDB";"CE";"74455";"2007";"53";"sem_foto.jpg"
"ANTONIO CARLOS BISCAIA";"ANTONIO CARLOS BISCAIA";"PT";"RJ";"73492";"2007";"53";"sem_foto.jpg"
"VIGNATTI";"VIGNATTI";"PT";"SC";"74391";"2007";"53";"sem_foto.jpg"
"EDSON EZEQUIEL";"EDSON EZEQUIEL";"PMDB";"RJ";"522608";"2011";"54";"dep_522608.jpg"
"FÁTIMA BEZERRA";"FATIMA BEZERRA";"PT";"RN";"522825";"2011";"54";"dep_522825.jpg"
"SILVIO TORRES";"SILVIO TORRES";"PSDB";"SP";"73560";"2007";"53";"sem_foto.jpg"
"ZONTA";"ZONTA";"PP";"SC";"74392";"2007";"53";"sem_foto.jpg"
"JOSÉ CHAVES";"JOSE CHAVES";"PTB";"PE";"521816";"2011";"54";"dep_521816.jpg"
"VIRGÍLIO GUIMARÃES";"VIRGILIO GUIMARAES";"PT";"MG";"74593";"2007";"53";"sem_foto.jpg"
"MAURO LOPES";"MAURO LOPES";"PMDB";"MG";"521107";"2011";"54";"dep_521107.jpg"
"HENRIQUE AFONSO";"HENRIQUE AFONSO";"PV";"AC";"520015";"2011";"54";"dep_520015.jpg"
"RICARTE DE FREITAS";"RICARTE DE FREITAS";"PTB";"MT";"73490";"2007";"53";"sem_foto.jpg"
"ANN PONTES";"ANN PONTES";"PMDB";"PA";"73928";"2007";"53";"sem_foto.jpg"
"CEZAR SILVESTRI";"CEZAR SILVESTRI";"PPS";"PR";"74379";"2011";"54";"sem_foto.jpg"
"EDINHO BEZ";"EDINHO BEZ";"PMDB";"SC";"523304";"2011";"54";"dep_523304.jpg"
"GUILHERME MENEZES";"GUILHERME MENEZES";"PT";"BA";"74139";"2007";"53";"sem_foto.jpg"
"JOÃO BATISTA";"JOAO BATISTA";"PMDB";"RO";"160317";"2007";"53";"sem_foto.jpg"
"AFONSO HAMM";"AFONSO HAMM";"PP";"RS";"523068";"2011";"54";"dep_523068.jpg"
"ÍRIS SIMÕES";"IRIS SIMOES";"PTB";"PR";"73461";"2007";"53";"sem_foto.jpg"
"MARCELO CASTRO";"MARCELO CASTRO";"PMDB";"PI";"521987";"2011";"54";"dep_521987.jpg"
"PEDRO HENRY";"PEDRO HENRY";"PP";"MT";"74111";"2007";"53";"sem_foto.jpg"
"JAIRO CARNEIRO";"JAIRO CARNEIRO";"PFL";"BA";"74547";"2007";"53";"sem_foto.jpg"
"EDINHO MONTEMOR";"EDINHO MONTEMOR";"PSB";"SP";"133375";"2007";"53";"sem_foto.jpg"
"IARA BERNARDI";"IARA BERNARDI";"PT";"SP";"5829192";"2011";"54";"dep_5829192.jpg"
"ANÍBAL GOMES";"ANIBAL GOMES";"PMDB";"CE";"520429";"2011";"54";"dep_520429.jpg"
"PAULO PIMENTA";"PAULO PIMENTA";"PT";"RS";"523094";"2011";"54";"dep_523094.jpg"
"FERNANDO DE FABINHO";"FERNANDO DE FABINHO";"PFL";"BA";"74063";"2007";"53";"sem_foto.jpg"
"DELEY";"DELEY";"PSC";"RJ";"74172";"2011";"54";"sem_foto.jpg"
"VALDEMAR COSTA NETO";"VALDEMAR COSTA NETO";"PL";"SP";"73565";"2007";"53";"sem_foto.jpg"
"HELENO SILVA";"HELENO SILVA";"PRB";"SE";"74053";"2011";"54";"sem_foto.jpg"
"ASDRUBAL BENTES";"ASDRUBAL BENTES";"PMDB";"PA";"74222";"2011";"54";"sem_foto.jpg"
"JOSÉ PRIANTE";"JOSE PRIANTE";"PMDB";"PA";"530091";"2011";"54";"dep_530091.jpg"
"OSMAR TERRA";"OSMAR TERRA";"PMDB";"RS";"523150";"2011";"54";"dep_523150.jpg"
"FERNANDO CORUJA";"FERNANDO CORUJA";"PPS";"SC";"73471";"2007";"53";"sem_foto.jpg"
"BETO ALBUQUERQUE";"BETO ALBUQUERQUE";"PSB";"RS";"523221";"2011";"54";"dep_523221.jpg"
"RENATO COZZOLINO";"RENATO COZZOLINO";"PDT";"RJ";"74257";"2007";"53";"sem_foto.jpg"
"GEDDEL VIEIRA LIMA";"GEDDEL VIEIRA LIMA";"PMDB";"BA";"74544";"2007";"53";"sem_foto.jpg"
"MARCO MAIA";"MARCO MAIA";"PT";"RS";"523098";"2011";"54";"dep_523098.jpg"
"EDUARDO BARBOSA";"EDUARDO BARBOSA";"PSDB";"MG";"521405";"2011";"54";"dep_521405.jpg"
"WLADIMIR COSTA";"WLADIMIR COSTA";"SD";"PA";"521607";"2011";"54";"dep_521607.jpg"
"JOÃO CAMPOS";"JOAO CAMPOS";"PSDB";"GO";"520857";"2011";"54";"dep_520857.jpg"
"ROSE DE FREITAS";"ROSE DE FREITAS";"PMDB";"ES";"520730";"2011";"54";"dep_520730.jpg"
"GIVALDO CARIMBÃO";"GIVALDO CARIMBAO";"PROS";"AL";"520124";"2011";"54";"dep_520124.jpg"
"ITAMAR SERPA";"ITAMAR SERPA";"PSDB";"";"nan";"";"";"sem_foto.jpg"
"NARCISO MENDES";"NARCISO MENDES";"PPB";"";"nan";"";"";"sem_foto.jpg"
"JOSE THOMAZ NONO";"JOSE THOMAZ NONO";"PFL";"";"nan";"";"";"sem_foto.jpg"
"FRANCISCA TRINDADE";"FRANCISCA TRINDADE";"PT";"";"nan";"";"";"sem_foto.jpg"
"PAULO BERNARDO";"PAULO BERNARDO";"PT";"";"nan";"";"";"sem_foto.jpg"
"ADAUTO PEREIRA";"ADAUTO PEREIRA";"PFL";"";"nan";"";"";"sem_foto.jpg"
"JOAO TOTA";"JOAO TOTA";"PP";"";"nan";"";"";"sem_foto.jpg"
"FRANCISCO GARCIA";"FRANCISCO GARCIA";"PPS";"";"nan";"";"";"sem_foto.jpg"
"IVAN RANZOLIN";"IVAN RANZOLIN";"PPB";"";"nan";"";"";"sem_foto.jpg"
"MAURO PASSOS";"MAURO PASSOS";"PT";"";"nan";"";"";"sem_foto.jpg"
"MARCOS ABRAMO";"MARCOS ABRAMO";"PFL";"";"nan";"";"";"sem_foto.jpg"
"RUBINELLI";"RUBINELLI";"PT";"";"nan";"";"";"sem_foto.jpg"
"LUCIANO LEITOA";"LUCIANO LEITOA";"PDT";"";"nan";"";"";"sem_foto.jpg"
"ANGELA GUADAGNIN";"ANGELA GUADAGNIN";"PT";"";"nan";"";"";"sem_foto.jpg"
"NEUTON LIMA";"NEUTON LIMA";"PTB";"";"nan";"";"";"sem_foto.jpg"
"ANDRE COSTA";"ANDRE COSTA";"PDT";"";"nan";"";"";"sem_foto.jpg"
"JOAO HERRMANN NETO";"JOAO HERRMANN NETO";"PPS";"";"nan";"";"";"sem_foto.jpg"
"JAMIL MURAD";"JAMIL MURAD";"PCdoB";"";"nan";"";"";"sem_foto.jpg"
"RONIVON SANTIAGO";"RONIVON SANTIAGO";"PPB";"";"nan";"";"";"sem_foto.jpg"
"MAURICIO RABELO";"MAURICIO RABELO";"PL";"";"nan";"";"";"sem_foto.jpg"
"JORGE VI";"JORGE VI";"PSDB";"";"nan";"";"";"sem_foto.jpg"
"JOAO CASTELO";"JOAO CASTELO";"PSDB";"";"nan";"";"";"sem_foto.jpg"
"WAGNER LAGO";"WAGNER LAGO";"PDT";"";"nan";"";"";"sem_foto.jpg"
"IBERE FERREIRA";"IBERE FERREIRA";"PTB";"";"nan";"";"";"sem_foto.jpg"
"ANDRE LUIZ";"ANDRE LUIZ";"PMDB";"";"nan";"";"";"sem_foto.jpg"
"SALATIEL CARVALHO";"SALATIEL CARVALHO";"PFL";"";"nan";"";"";"sem_foto.jpg"
"EDUARDO SEABRA";"EDUARDO SEABRA";"PTB";"";"nan";"";"";"sem_foto.jpg"
"ODELMO LEAO";"ODELMO LEAO";"PP";"";"nan";"";"";"sem_foto.jpg"
"ELISEU RESENDE";"ELISEU RESENDE";"PFL";"";"nan";"";"";"sem_foto.jpg"
"ANTONIO JOAQUIM";"ANTONIO JOAQUIM";"PPB";"";"nan";"";"";"sem_foto.jpg"
"ANIVALDO VALE";"ANIVALDO VALE";"PSDB";"";"nan";"";"";"sem_foto.jpg"
"RENATO CASAGRANDE";"RENATO CASAGRANDE";"PSB";"";"nan";"";"";"sem_foto.jpg"
"DR. RODOLFO PEREIRA";"DR. RODOLFO PEREIRA";"PDT";"";"nan";"";"";"sem_foto.jpg"
"JOAQUIM FRANCISCO";"JOAQUIM FRANCISCO";"PFL";"";"nan";"";"";"sem_foto.jpg"
"SUELY CAMPOS";"SUELY CAMPOS";"PFL";"";"nan";"";"";"sem_foto.jpg"
"MARIANGELA DUARTE";"MARIANGELA DUARTE";"PT";"";"nan";"";"";"sem_foto.jpg"
"LUIZ EDUARDO GREENHALGH";"LUIZ EDUARDO GREENHALGH";"PT";"";"nan";"";"";"sem_foto.jpg"
"SERAFIM VENZON";"SERAFIM VENZON";"S.Part.";"";"nan";"";"";"sem_foto.jpg"
"ROBERTO BRANT";"ROBERTO BRANT";"PFL";"";"nan";"";"";"sem_foto.jpg"
"JOSE RAJAO";"JOSE RAJAO";"PSDB";"";"nan";"";"";"sem_foto.jpg"
"CLEONANCIO FONSECA";"CLEONANCIO FONSECA";"PPB";"";"nan";"";"";"sem_foto.jpg"
"EDNA MACEDO";"EDNA MACEDO";"PTB";"";"nan";"";"";"sem_foto.jpg"
"ALVARO DIAS";"ALVARO DIAS";"PDT";"";"nan";"";"";"sem_foto.jpg"
"DELFIM NETTO";"DELFIM NETTO";"PPB";"";"nan";"";"";"sem_foto.jpg"
"ANSELMO";"ANSELMO";"PT";"";"nan";"";"";"sem_foto.jpg"
"CESAR BANDEIRA";"CESAR BANDEIRA";"PFL";"";"nan";"";"";"sem_foto.jpg"
"SERGIO MIRANDA";"SERGIO MIRANDA";"PCdoB";"";"nan";"";"";"sem_foto.jpg"
"ROBERTO GOUVEIA";"ROBERTO GOUVEIA";"PT";"";"nan";"";"";"sem_foto.jpg"
"PROFESSOR IRAPUAN TEIXEIRA";"PROFESSOR IRAPUAN TEIXEIRA";"PRONA";"";"nan";"";"";"sem_foto.jpg"
"RICARDO FIUZA";"RICARDO FIUZA";"PPB";"";"nan";"";"";"sem_foto.jpg"
"JURANDIR BOIA";"JURANDIR BOIA";"PSB";"";"nan";"";"";"sem_foto.jpg"
"ROMEL ANIZIO";"ROMEL ANIZIO";"PPB";"";"nan";"";"";"sem_foto.jpg"
"WELINTON FAGUNDES";"WELINTON FAGUNDES";"PL";"";"nan";"";"";"sem_foto.jpg"
"ERICO RIBEIRO";"ERICO RIBEIRO";"PPB";"";"nan";"";"";"sem_foto.jpg"
"PEDRO IRUJO";"PEDRO IRUJO";"PFL";"";"nan";"";"";"sem_foto.jpg"
"AGNELO QUEIROZ";"AGNELO QUEIROZ";"PCdoB";"";"nan";"";"";"sem_foto.jpg"
"PEDRO CANEDO";"PEDRO CANEDO";"PSDB";"";"nan";"";"";"sem_foto.jpg"
"ORLANDO FANTAZZINI";"ORLANDO FANTAZZINI";"PT";"";"nan";"";"";"sem_foto.jpg"
"CONFUCIO MOURA";"CONFUCIO MOURA";"PMDB";"";"nan";"";"";"sem_foto.jpg"
"DURVAL ORLATO";"DURVAL ORLATO";"PT";"";"nan";"";"";"sem_foto.jpg"
"DR. HELIO";"DR. HELIO";"PDT";"";"nan";"";"";"sem_foto.jpg"
"FRANCISCO DORNELLES";"FRANCISCO DORNELLES";"PPB";"";"nan";"";"";"sem_foto.jpg"
"GILBERTO KASSAB";"GILBERTO KASSAB";"PFL";"";"nan";"";"";"sem_foto.jpg"
"AMAURI GASQUES";"AMAURI GASQUES";"PRONA";"";"nan";"";"";"sem_foto.jpg"
"LUIZ CARLOS SANTOS";"LUIZ CARLOS SANTOS";"PFL";"";"nan";"";"";"sem_foto.jpg"
"ZULAIE COBRA";"ZULAIE COBRA";"PSDB";"";"nan";"";"";"sem_foto.jpg"
"JOAO MAGNO";"JOAO MAGNO";"PT";"";"nan";"";"";"sem_foto.jpg"
"JOVINO CANDIDO";"JOVINO CANDIDO";"PV";"";"nan";"";"";"sem_foto.jpg"
"ODAIR";"ODAIR";"PT";"";"nan";"";"";"sem_foto.jpg"
"CABO JULIO";"CABO JULIO";"PSB";"";"nan";"";"";"sem_foto.jpg"
"WANDERVAL SANTOS";"WANDERVAL SANTOS";"PL";"";"nan";"";"";"sem_foto.jpg"
"LEONARDO MATTOS";"LEONARDO MATTOS";"PV";"";"nan";"";"";"sem_foto.jpg"
"PROFESSOR LUIZINHO";"PROFESSOR LUIZINHO";"PT";"";"nan";"";"";"sem_foto.jpg"
"SELMA SCHONS";"SELMA SCHONS";"PT";"";"nan";"";"";"sem_foto.jpg"
"CLEUBER CARNEIRO";"CLEUBER CARNEIRO";"PFL";"";"nan";"";"";"sem_foto.jpg"
"AMADOR TUT";"AMADOR TUT";"PL";"";"nan";"";"";"sem_foto.jpg"
"PATRUS ANANIAS";"PATRUS ANANIAS";"PT";"";"nan";"";"";"sem_foto.jpg"
"PASTOR REINALDO";"PASTOR REINALDO";"PTB";"";"nan";"";"";"sem_foto.jpg"
"SIMPLICIO MARIO";"SIMPLICIO MARIO";"PT";"";"nan";"";"";"sem_foto.jpg"
"LAVOISIER MAIA";"LAVOISIER MAIA";"PSB";"";"nan";"";"";"sem_foto.jpg"
"IVO JOSE";"IVO JOSE";"PT";"";"nan";"";"";"sem_foto.jpg"
"DRA. CLAIR";"DRA. CLAIR";"PT";"";"nan";"";"";"sem_foto.jpg"
"MOISES LIPNIK";"MOISES LIPNIK";"PDT";"";"nan";"";"";"sem_foto.jpg"
"IVAN PAIXAO";"IVAN PAIXAO";"PPS";"";"nan";"";"";"sem_foto.jpg"
"TEREZINHA FERNANDES";"TEREZINHA FERNANDES";"PT";"";"nan";"";"";"sem_foto.jpg"
"JOSE JANENE";"JOSE JANENE";"PPB";"";"nan";"";"";"sem_foto.jpg"
"JOAO MENDES DE JESUS";"JOAO MENDES DE JESUS";"PDT";"";"nan";"";"";"sem_foto.jpg"
"GERVASIO OLIVEIRA";"GERVASIO OLIVEIRA";"PDT";"";"nan";"";"";"sem_foto.jpg"
"CARLOS DUNGA";"CARLOS DUNGA";"PTB";"";"nan";"";"";"sem_foto.jpg"
"AUGUSTO NARDES";"AUGUSTO NARDES";"PPB";"";"nan";"";"";"sem_foto.jpg"
"DR. EVILASIO";"DR. EVILASIO";"PSB";"";"nan";"";"";"sem_foto.jpg"
"IBRAHIM ABI-ACKEL";"IBRAHIM ABI-ACKEL";"PPB";"";"nan";"";"";"sem_foto.jpg"
"SERGIO CARVALHO";"SERGIO CARVALHO";"PSDB";"";"nan";"";"";"sem_foto.jpg"
"NICIAS RIBEIRO";"NICIAS RIBEIRO";"PSDB";"";"nan";"";"";"sem_foto.jpg"
"FRANCISCO APPIO";"FRANCISCO APPIO";"PPB";"";"nan";"";"";"sem_foto.jpg"
"NEIVA MOREIRA";"NEIVA MOREIRA";"PDT";"";"nan";"";"";"sem_foto.jpg"
"MARCUS VICENTE";"MARCUS VICENTE";"PTB";"";"nan";"";"";"sem_foto.jpg"
"SOCORRO GOMES";"SOCORRO GOMES";"PCdoB";"";"nan";"";"";"sem_foto.jpg"
"ZELINDA NOVAES";"ZELINDA NOVAES";"PFL";"";"nan";"";"";"sem_foto.jpg"
"LUCIANO ZICA";"LUCIANO ZICA";"PT";"";"nan";"";"";"sem_foto.jpg"
"MOREIRA FRANCO";"MOREIRA FRANCO";"PMDB";"";"nan";"";"";"sem_foto.jpg"
"ANTONIO NOGUEIRA";"ANTONIO NOGUEIRA";"PT";"";"nan";"";"";"sem_foto.jpg"
"WALTER BARELLI";"WALTER BARELLI";"PSDB";"";"nan";"";"";"sem_foto.jpg"
"ALMIR SA";"ALMIR SA";"PL";"";"nan";"";"";"sem_foto.jpg"
"YEDA CRUSIUS";"YEDA CRUSIUS";"PSDB";"";"nan";"";"";"sem_foto.jpg"
"JONIVAL LUCAS JUNIOR";"JONIVAL LUCAS JUNIOR";"PMDB";"";"nan";"";"";"sem_foto.jpg"
"TETE BEZERRA";"TETE BEZERRA";"PMDB";"";"nan";"";"";"sem_foto.jpg"
"FERNANDO ESTIMA";"FERNANDO ESTIMA";"PPS";"";"nan";"";"";"sem_foto.jpg"
"WILSON SANTOS";"WILSON SANTOS";"PSDB";"";"nan";"";"";"sem_foto.jpg"
"VIEIRA REIS";"VIEIRA REIS";"PMDB";"";"nan";"";"";"sem_foto.jpg"
"VITTORIO MEDIOLI";"VITTORIO MEDIOLI";"PSDB";"";"nan";"";"";"sem_foto.jpg"
"FRANCISCO TURRA";"FRANCISCO TURRA";"PPB";"";"nan";"";"";"sem_foto.jpg"
"ANTONIO CAMBRAIA";"ANTONIO CAMBRAIA";"PSDB";"";"nan";"";"";"sem_foto.jpg"
"JOSE ROBERTO ARRUDA";"JOSE ROBERTO ARRUDA";"PFL";"";"nan";"";"";"sem_foto.jpg"
"LEONIDAS CRISTINO";"LEONIDAS CRISTINO";"PPS";"";"nan";"";"";"sem_foto.jpg"
"PASTOR AMARILDO";"PASTOR AMARILDO";"PSB";"";"nan";"";"";"sem_foto.jpg"
"JOAO PAULO GOMES DA SILVA";"JOAO PAULO GOMES DA SILVA";"PL";"";"nan";"";"";"sem_foto.jpg"
"MIGUEL DE SOUZA";"MIGUEL DE SOUZA";"PL";"";"nan";"";"";"sem_foto.jpg"
"JOAO GRANDAO";"JOAO GRANDAO";"PT";"";"nan";"";"";"sem_foto.jpg"
"MARIA LUCIA";"MARIA LUCIA";"PMDB";"";"nan";"";"";"sem_foto.jpg"
"NEY LOPES";"NEY LOPES";"PFL";"";"nan";"";"";"sem_foto.jpg"
"ZE LIMA";"ZE LIMA";"PPB";"";"nan";"";"";"sem_foto.jpg"
"ROBERIO NUNES";"ROBERIO NUNES";"PFL";"";"nan";"";"";"sem_foto.jpg"
"ADELOR VIEIRA";"ADELOR VIEIRA";"PMDB";"";"nan";"";"";"sem_foto.jpg"
"REINALDO BETAO";"REINALDO BETAO";"PL";"";"nan";"";"";"sem_foto.jpg"
"EDISON ANDRINO";"EDISON ANDRINO";"PMDB";"";"nan";"";"";"sem_foto.jpg"
"DR. RIBAMAR ALVES";"DR. RIBAMAR ALVES";"PSB";"";"nan";"";"";"sem_foto.jpg"
"CORAUCI SOBRINHO";"CORAUCI SOBRINHO";"PFL";"";"nan";"";"";"sem_foto.jpg"
"JORGE GOMES";"JORGE GOMES";"PSB";"";"nan";"";"";"sem_foto.jpg"
"ANA ALENCAR";"ANA ALENCAR";"PSDB";"";"nan";"";"";"sem_foto.jpg"
"DARCI COELHO";"DARCI COELHO";"PFL";"";"nan";"";"";"sem_foto.jpg"
"EDUARDO CAMPOS";"EDUARDO CAMPOS";"PSB";"";"nan";"";"";"sem_foto.jpg"
"PAULO MARINHO";"PAULO MARINHO";"PFL";"";"nan";"";"";"sem_foto.jpg"
"MARCELINO FRAGA";"MARCELINO FRAGA";"PMDB";"";"nan";"";"";"sem_foto.jpg"
"DR. BENEDITO DIAS";"DR. BENEDITO DIAS";"PPB";"";"nan";"";"";"sem_foto.jpg"
"COLOMBO";"COLOMBO";"PT";"";"nan";"";"";"sem_foto.jpg"
"MURILO ZAUITH";"MURILO ZAUITH";"PFL";"";"nan";"";"";"sem_foto.jpg"
"PAULO GOUVEA";"PAULO GOUVEA";"PL";"";"nan";"";"";"sem_foto.jpg"
"FRED KOHLER";"FRED KOHLER";"PPS";"";"nan";"";"";"sem_foto.jpg"
"CORIOLANO SALES";"CORIOLANO SALES";"PFL";"";"nan";"";"";"sem_foto.jpg"
"CORONEL ALVES";"CORONEL ALVES";"PL";"";"nan";"";"";"sem_foto.jpg"
"LEODEGAR TISCOSKI";"LEODEGAR TISCOSKI";"PPB";"";"nan";"";"";"sem_foto.jpg"
"JOEL DE HOLLANDA";"JOEL DE HOLLANDA";"PFL";"";"nan";"";"";"sem_foto.jpg"
"HUMBERTO MICHILES";"HUMBERTO MICHILES";"PL";"";"nan";"";"";"sem_foto.jpg"
"ALDIR CABRAL";"ALDIR CABRAL";"PFL";"";"nan";"";"";"sem_foto.jpg"
"RONALDO CEZAR COELHO";"RONALDO CEZAR COELHO";"PSDB";"";"nan";"";"";"sem_foto.jpg"
"RONALDO DIMAS";"RONALDO DIMAS";"PSDB";"";"nan";"";"";"sem_foto.jpg"
"ILDEU ARAUJO";"ILDEU ARAUJO";"PRONA";"";"nan";"";"";"sem_foto.jpg"
"JAIR DE OLIVEIRA";"JAIR DE OLIVEIRA";"PMDB";"";"nan";"";"";"sem_foto.jpg"
"CESAR MEDEIROS";"CESAR MEDEIROS";"PT";"";"nan";"";"";"sem_foto.jpg"
"ROBERTO JEFFERSON";"ROBERTO JEFFERSON";"PTB";"";"nan";"";"";"sem_foto.jpg"
"CLAUDIO RORATO";"CLAUDIO RORATO";"PMDB";"";"nan";"";"";"sem_foto.jpg"
"ROGERIO TEOFILO";"ROGERIO TEOFILO";"PFL";"";"nan";"";"";"sem_foto.jpg"
"ENIVALDO RIBEIRO";"ENIVALDO RIBEIRO";"PPB";"";"nan";"";"";"sem_foto.jpg"
"ARY VANAZZI";"ARY VANAZZI";"PT";"";"nan";"";"";"sem_foto.jpg"
"JUNIOR BETAO";"JUNIOR BETAO";"PPS";"";"nan";"";"";"sem_foto.jpg"
"MUCIO SA";"MUCIO SA";"PTB";"";"nan";"";"";"sem_foto.jpg"
"ALMERINDA DE CARVALHO";"ALMERINDA DE CARVALHO";"PSB";"";"nan";"";"";"sem_foto.jpg"
"HELENILDO RIBEIRO";"HELENILDO RIBEIRO";"PSDB";"";"nan";"";"";"sem_foto.jpg"
"LAURA CARNEIRO";"LAURA CARNEIRO";"PFL";"";"nan";"";"";"sem_foto.jpg"
"MARCIO FORTES";"MARCIO FORTES";"PSDB";"";"nan";"";"";"sem_foto.jpg"
"EDMUNDO GALDINO";"EDMUNDO GALDINO";"PSDB";"";"nan";"";"";"sem_foto.jpg"
"BABA";"BABA";"PT";"";"nan";"";"";"sem_foto.jpg"
"PROMOTOR AFONSO GIL";"PROMOTOR AFONSO GIL";"PCdoB";"";"nan";"";"";"sem_foto.jpg"
"HELIO ESTEVES";"HELIO ESTEVES";"PT";"";"nan";"";"";"sem_foto.jpg"
"LINDBERG FARIAS";"LINDBERG FARIAS";"PT";"";"nan";"";"";"sem_foto.jpg"
"PHILEMON RODRIGUES";"PHILEMON RODRIGUES";"PTB";"";"nan";"";"";"sem_foto.jpg"
"KATIA ABREU";"KATIA ABREU";"PFL";"";"nan";"";"";"sem_foto.jpg"
"ALCESTE ALMEIDA";"ALCESTE ALMEIDA";"PMDB";"";"nan";"";"";"sem_foto.jpg"
"ZARATTINI";"ZARATTINI";"PT";"";"nan";"";"";"sem_foto.jpg"
"CHICAO BRIGIDO";"CHICAO BRIGIDO";"PMDB";"";"nan";"";"";"sem_foto.jpg"
"ALBERTO GOLDMAN";"ALBERTO GOLDMAN";"PSDB";"";"nan";"";"";"sem_foto.jpg"
"VICENTE CHELOTTI";"VICENTE CHELOTTI";"PMDB";"";"nan";"";"";"sem_foto.jpg"
"THAIS BARBOSA";"THAIS BARBOSA";"PMDB";"";"nan";"";"";"sem_foto.jpg"
"REGINALDO GERMANO";"REGINALDO GERMANO";"PFL";"";"nan";"";"";"sem_foto.jpg"
"GILBERTO NASCIMENTO";"GILBERTO NASCIMENTO";"PSB";"";"nan";"";"";"sem_foto.jpg"
"INALDO LEITAO";"INALDO LEITAO";"PSDB";"";"nan";"";"";"sem_foto.jpg"
"ROLAND LAVIGNE";"ROLAND LAVIGNE";"PMDB";"";"nan";"";"";"sem_foto.jpg"
"JOSE CARLOS MARTINEZ";"JOSE CARLOS MARTINEZ";"PTB";"";"nan";"";"";"sem_foto.jpg"
"AROLDO CEDRAZ";"AROLDO CEDRAZ";"PFL";"";"nan";"";"";"sem_foto.jpg"
"RAIMUNDO SANTOS";"RAIMUNDO SANTOS";"PL";"";"nan";"";"";"sem_foto.jpg"
"LINO ROSSI";"LINO ROSSI";"PSB";"";"nan";"";"";"sem_foto.jpg"
"VADINHO BAIAO";"VADINHO BAIAO";"PT";"";"nan";"";"";"sem_foto.jpg"
"RONALDO VASCONCELLOS";"RONALDO VASCONCELLOS";"PTB";"";"nan";"";"";"sem_foto.jpg"
"CARLOS MOTA";"CARLOS MOTA";"PL";"";"nan";"";"";"sem_foto.jpg"
"JOAO FONTES";"JOAO FONTES";"PT";"";"nan";"";"";"sem_foto.jpg"
"JOSE IVO SARTORI";"JOSE IVO SARTORI";"PMDB";"";"nan";"";"";"sem_foto.jpg"
"ELAINE COSTA";"ELAINE COSTA";"PTB";"";"nan";"";"";"sem_foto.jpg"
"MIGUEL ARRAES";"MIGUEL ARRAES";"PSB";"";"nan";"";"";"sem_foto.jpg"
"MEDEIROS";"MEDEIROS";"PL";"";"nan";"";"";"sem_foto.jpg"
"ELISEU MOURA";"ELISEU MOURA";"PP";"";"nan";"";"";"sem_foto.jpg"
"VALDENOR GUEDES";"VALDENOR GUEDES";"PPB";"";"nan";"";"";"sem_foto.jpg"
"DOMICIANO CABRAL";"DOMICIANO CABRAL";"PSDB";"";"nan";"";"";"sem_foto.jpg"
"JOSIAS QUINTAL";"JOSIAS QUINTAL";"PSB";"";"nan";"";"";"sem_foto.jpg"
"NEYDE APARECIDA";"NEYDE APARECIDA";"PT";"";"nan";"";"";"sem_foto.jpg"
"OSVALDO COELHO";"OSVALDO COELHO";"PFL";"";"nan";"";"";"sem_foto.jpg"
"MARIO ASSAD JUNIOR";"MARIO ASSAD JUNIOR";"PL";"";"nan";"";"";"sem_foto.jpg"
"REINALDO GRIPP";"REINALDO GRIPP";"PL";"";"nan";"";"";"sem_foto.jpg"
"RICARDO RIQUE";"RICARDO RIQUE";"PSDB";"";"nan";"";"";"sem_foto.jpg"
"MARCOS DE JESUS";"MARCOS DE JESUS";"PL";"";"nan";"";"";"sem_foto.jpg"
"ZICO BRONZEADO";"ZICO BRONZEADO";"PT";"";"nan";"";"";"sem_foto.jpg"
"ELIMAR MAXIMO DAMASCENO";"ELIMAR MAXIMO DAMASCENO";"PRONA";"";"nan";"";"";"sem_foto.jpg"
"GONZAGA MOTA";"GONZAGA MOTA";"PSDB";"";"nan";"";"";"sem_foto.jpg"
"DR. HELENO";"DR. HELENO";"PSDB";"";"nan";"";"";"sem_foto.jpg"
"SIGMARINGA SEIXAS";"SIGMARINGA SEIXAS";"PT";"";"nan";"";"";"sem_foto.jpg"
"ANTENOR NASPOLINI";"ANTENOR NASPOLINI";"PSDB";"";"nan";"";"";"sem_foto.jpg"
"LUIZ ANTONIO FLEURY";"LUIZ ANTONIO FLEURY";"PTB";"";"nan";"";"";"sem_foto.jpg"
"ORLANDO DESCONSI";"ORLANDO DESCONSI";"PT";"";"nan";"";"";"sem_foto.jpg"
"HERCULANO ANGHINETTI";"HERCULANO ANGHINETTI";"PPB";"";"nan";"";"";"sem_foto.jpg"
"VITORASSI";"VITORASSI";"PT";"";"nan";"";"";"sem_foto.jpg"
"XICO GRAZIANO";"XICO GRAZIANO";"PSDB";"";"nan";"";"";"sem_foto.jpg"
"EDUARDO PAES";"EDUARDO PAES";"PFL";"";"nan";"";"";"sem_foto.jpg"
"CARLOS ALBERTO ROSADO";"CARLOS ALBERTO ROSADO";"PFL";"";"nan";"";"";"sem_foto.jpg"
"ASSIS MIGUEL DO COUTO";"ASSIS MIGUEL DO COUTO";"PT";"";"nan";"";"";"sem_foto.jpg"
"FLEURY";"FLEURY";"PTB";"";"nan";"";"";"sem_foto.jpg"
"CARLOS RODRIGUES";"CARLOS RODRIGUES";"PL";"";"nan";"";"";"sem_foto.jpg"
"MARCELO BARBIERI";"MARCELO BARBIERI";"PMDB";"";"nan";"";"";"sem_foto.jpg"
"PAULO AFONSO";"PAULO AFONSO";"PMDB";"";"nan";"";"";"sem_foto.jpg"
"WELLINTON FAGUNDES";"WELLINTON FAGUNDES";"PL";"";"nan";"";"";"sem_foto.jpg"
"INACIO ARRUDA";"INACIO ARRUDA";"PCdoB";"";"nan";"";"";"sem_foto.jpg"
"IRINEU RODRIGUES";"IRINEU RODRIGUES";"PPS";"";"nan";"";"";"sem_foto.jpg"
"LUIZ DANTAS";"LUIZ DANTAS";"PTB";"";"nan";"";"";"sem_foto.jpg"
"BISMARCK MAIA";"BISMARCK MAIA";"PSDB";"";"nan";"";"";"sem_foto.jpg"
"JOSE DIVINO";"JOSE DIVINO";"PMDB";"";"nan";"";"";"sem_foto.jpg"
"VICENTE CASCIONE";"VICENTE CASCIONE";"PTB";"";"nan";"";"";"sem_foto.jpg"
"ALEXANDRE MAIA";"ALEXANDRE MAIA";"PMDB";"";"nan";"";"";"sem_foto.jpg"
"ANA GUERRA";"ANA GUERRA";"PT";"";"nan";"";"";"sem_foto.jpg"
"JUIZA DENISE FROSSARD";"JUIZA DENISE FROSSARD";"PSDB";"";"nan";"";"";"sem_foto.jpg"
"ALCEU COLLARES";"ALCEU COLLARES";"PDT";"";"nan";"";"";"sem_foto.jpg"
"JOSE MILITAO";"JOSE MILITAO";"PTB";"";"nan";"";"";"sem_foto.jpg"
"ALOYSIO NUNES FERREIRA";"ALOYSIO NUNES FERREIRA";"PSDB";"";"nan";"";"";"sem_foto.jpg"
"PAULO KOBAYASHI";"PAULO KOBAYASHI";"PSDB";"";"nan";"";"";"sem_foto.jpg"
"HOMERO BARRETO";"HOMERO BARRETO";"PTB";"";"nan";"";"";"sem_foto.jpg"
"JOAO CORREIA";"JOAO CORREIA";"PMDB";"";"nan";"";"";"sem_foto.jpg"
"ALMEIDA DE JESUS";"ALMEIDA DE JESUS";"PL";"";"nan";"";"";"sem_foto.jpg"
"BOSCO COSTA";"BOSCO COSTA";"PSDB";"";"nan";"";"";"sem_foto.jpg"
"ANDERSON ADAUTO";"ANDERSON ADAUTO";"PL";"";"nan";"";"";"sem_foto.jpg"
"NILTON BAIANO";"NILTON BAIANO";"PPB";"";"nan";"";"";"sem_foto.jpg"
"REMI TRINTA";"REMI TRINTA";"PL";"";"nan";"";"";"sem_foto.jpg"
"FEU ROSA";"FEU ROSA";"PSDB";"";"nan";"";"";"sem_foto.jpg"
"SERGIO CAIADO";"SERGIO CAIADO";"PP";"";"nan";"";"";"sem_foto.jpg"
"MARCELLO SIQUEIRA";"MARCELLO SIQUEIRA";"PMDB";"";"nan";"";"";"sem_foto.jpg"
"LUCIA BRAGA";"LUCIA BRAGA";"PMN";"";"nan";"";"";"sem_foto.jpg"
"ARY KARA";"ARY KARA";"PTB";"";"nan";"";"";"sem_foto.jpg"
"ALMIR MOURA";"ALMIR MOURA";"PL";"";"nan";"";"";"sem_foto.jpg"
"DR. FRANCISCO GONCALVES";"DR. FRANCISCO GONCALVES";"PTB";"";"nan";"";"";"sem_foto.jpg"
"ROBERTO PESSOA";"ROBERTO PESSOA";"PFL";"";"nan";"";"";"sem_foto.jpg"
"PASTOR FRANCISCO OLIMPIO";"PASTOR FRANCISCO OLIMPIO";"PSB";"";"nan";"";"";"sem_foto.jpg"
"LUIZ PIAUHYLINO";"LUIZ PIAUHYLINO";"PSDB";"";"nan";"";"";"sem_foto.jpg"
"JOSE CARLOS ELIAS";"JOSE CARLOS ELIAS";"PTB";"";"nan";"";"";"sem_foto.jpg"
"JOSE BORBA";"JOSE BORBA";"PMDB";"";"nan";"";"";"sem_foto.jpg"
"CAPITAO WAYNE";"CAPITAO WAYNE";"PSDB";"";"nan";"";"";"sem_foto.jpg"
"PAULO BALTAZAR";"PAULO BALTAZAR";"PSB";"";"nan";"";"";"sem_foto.jpg"
"MIRIAM REID";"MIRIAM REID";"PSB";"";"nan";"";"";"sem_foto.jpg"
"PEDRO CORREA";"PEDRO CORREA";"PPB";"";"nan";"";"";"sem_foto.jpg"
"HAMILTON CASARA";"HAMILTON CASARA";"PSDB";"";"nan";"";"";"sem_foto.jpg"
"DERVAL DE PAIVA";"DERVAL DE PAIVA";"PMDB";"";"nan";"";"";"sem_foto.jpg"
"MANINHA";"MANINHA";"PT";"";"nan";"";"";"sem_foto.jpg"
"CHICO SARDELLI";"CHICO SARDELLI";"PV";"";"nan";"";"";"sem_foto.jpg"
"BADU PICANCO";"BADU PICANCO";"PL";"";"nan";"";"";"sem_foto.jpg"
"SEVERINO CAVALCANTI";"SEVERINO CAVALCANTI";"PPB";"";"nan";"";"";"sem_foto.jpg"
"JOAO ALFREDO";"JOAO ALFREDO";"PT";"";"nan";"";"";"sem_foto.jpg"
"OSMANIO PEREIRA";"OSMANIO PEREIRA";"PSDB";"";"nan";"";"";"sem_foto.jpg"
"CARLOS BATATA";"CARLOS BATATA";"PSDB";"";"nan";"";"";"sem_foto.jpg"
"WILSON CIGNACHI";"WILSON CIGNACHI";"PMDB";"";"nan";"";"";"sem_foto.jpg"
"WASNY DE ROURE";"WASNY DE ROURE";"PT";"";"nan";"";"";"sem_foto.jpg"
"CARLOS NADER";"CARLOS NADER";"PFL";"";"nan";"";"";"sem_foto.jpg"
"ROMMEL FEIJO";"ROMMEL FEIJO";"PSDB";"";"nan";"";"";"sem_foto.jpg"
"ROMEU QUEIROZ";"ROMEU QUEIROZ";"PTB";"";"nan";"";"";"sem_foto.jpg"
"ENIO TATICO";"ENIO TATICO";"PTB";"";"nan";"";"";"sem_foto.jpg"
"VANDERLEI ASSIS";"VANDERLEI ASSIS";"PRONA";"";"nan";"";"";"sem_foto.jpg"
"MORONI TORGAN";"MORONI TORGAN";"PFL";"";"nan";"";"";"sem_foto.jpg"
"RICARDO SANTOS";"RICARDO SANTOS";"PSDB";"";"nan";"";"";"sem_foto.jpg"
"MORAES SOUZA";"MORAES SOUZA";"PMDB";"";"nan";"";"";"sem_foto.jpg"
"KELLY MORAES";"KELLY MORAES";"PTB";"";"nan";"";"";"sem_foto.jpg"
"JOSE DIRCEU";"JOSE DIRCEU";"PT";"";"nan";"";"";"sem_foto.jpg"
"ATHOS AVELINO";"ATHOS AVELINO";"PPS";"";"nan";"";"";"sem_foto.jpg"
"GERSON GABRIELLI";"GERSON GABRIELLI";"PFL";"";"nan";"";"";"sem_foto.jpg"
"MILTON CARDIAS";"MILTON CARDIAS";"PTB";"";"nan";"";"";"sem_foto.jpg"
