"POLITICO";"NOME_CASA";"PARTIDO";"UF";"ID";"ANO_MANDATO";"LEGISLATURA";"URL_FOTO"
"Acir Gurgacz";"Acir Gurgacz";"PDT";"RO";"4981";"--";"53/54";"sem_foto.jpg"
"Ada Mello";"Ada Mello";"PTB";"AL";"4815";"--";"53/54";"sen_4815.jpg"
"Aecio Neves";"Aecio Neves";"PSDB";"MG";"391";"--";"54/55";"sen_391.jpg"
"Alfredo Nascimento";"Alfredo Nascimento";"PR";"AM";"4527";"--";"53/54";"sen_4527.jpg"
"Aloysio Nunes Ferreira";"Aloysio Nunes Ferreira";"PSDB";"SP";"846";"--";"54/55";"sen_846.jpg"
"Alvaro Dias";"Alvaro Dias";"PSDB";"PR";"945";"--";"53/54";"sen_945.jpg"
"Ana Amelia";"Ana Amelia";"PP";"RS";"4988";"--";"54/55";"sen_4988.jpg"
"Ana Rita";"Ana Rita";"PT";"ES";"4869";"--";"53/54";"sen_4869.jpg"
"Angela Portela";"Angela Portela";"PT";"RR";"4697";"--";"54/55";"sen_4697.jpg"
"Anibal Diniz";"Anibal Diniz";"PT";"AC";"4837";"--";"53/54";"sen_4837.jpg"
"Antonio Carlos Valadares";"Antonio Carlos Valadares";"PSB";"SE";"3";"--";"54/55";"sen_3.jpg"
"Antonio Russo";"Antonio Russo";"PR";"MS";"4891";"--";"53/54";"sen_4891.jpg"
"Armando Monteiro";"Armando Monteiro";"PTB";"PE";"715";"--";"54/55";"sen_715.jpg"
"Ataides Oliveira";"Ataides Oliveira";"PSDB";"TO";"5164";"--";"54/55";"sen_5164.jpg"
"Benedito de Lira";"Benedito de Lira";"PP";"AL";"3823";"--";"54/55";"sen_3823.jpg"
"Blairo Maggi";"Blairo Maggi";"PR";"MT";"111";"--";"54/55";"sen_111.jpg"
"Carlos Dunga";"Carlos Dunga";"PTB";"PB";"704";"--";"53/54";"sen_704.jpg"
"Casildo Maldaner";"Casildo Maldaner";"PMDB";"SC";"13";"--";"53/54";"sen_13.jpg"
"Cassio Cunha Lima";"Cassio Cunha Lima";"PSDB";"PB";"5197";"--";"54/55";"sen_5197.jpg"
"Cicero Lucena";"Cicero Lucena";"PSDB";"PB";"4529";"--";"53/54";"sen_4529.jpg"
"Ciro Nogueira";"Ciro Nogueira";"PP";"PI";"739";"--";"54/55";"sen_739.jpg"
"Clesio Andrade";"Clesio Andrade";"PMDB";"MG";"4895";"--";"53/54";"sen_4895.jpg"
"Clovis Fecury";"Clovis Fecury";"DEM";"MA";"3881";"--";"54/55";"sen_3881.jpg"
"Cristovam Buarque";"Cristovam Buarque";"PDT";"DF";"3398";"--";"54/55";"sen_3398.jpg"
"Cyro Miranda";"Cyro Miranda";"PSDB";"GO";"4877";"--";"53/54";"sen_4877.jpg"
"Delcidio do Amaral";"Delcidio do Amaral";"PT";"MS";"3360";"--";"54/55";"sen_3360.jpg"
"Demostenes Torres";"Demostenes Torres";"S/PARTIDO";"GO";"3399";"--";"54/55";"sen_3399.jpg"
"Edison Lobao";"Edison Lobao";"PMDB";"MA";"16";"--";"54/55";"sen_16.jpg"
"Eduardo Amorim";"Eduardo Amorim";"PSC";"SE";"4721";"--";"54/55";"sen_4721.jpg"
"Eduardo Braga";"Eduardo Braga";"PMDB";"AM";"4994";"--";"54/55";"sen_4994.jpg"
"Eduardo Lopes";"Eduardo Lopes";"PRB";"RJ";"4767";"--";"54/55";"sen_4767.jpg"
"Eduardo Suplicy";"Eduardo Suplicy";"PT";"SP";"17";"--";"53/54";"sen_17.jpg"
"Eliseu Resende";"Eliseu Resende";"DEM";"MG";"394";"--";"53/54";"sen_394.jpg"
"Epitacio Cafeteira";"Epitacio Cafeteira";"PTB";"MA";"20";"--";"53/54";"sen_20.jpg"
"Euclydes Mello";"Euclydes Mello";"PRB";"AL";"4780";"--";"53/54";"sen_4780.jpg"
"Eunicio Oliveira";"Eunicio Oliveira";"PMDB";"CE";"612";"--";"54/55";"sen_612.jpg"
"Expedito Junior";"Expedito Junior";"PSDB";"RO";"1189";"--";"53/54";"sen_1189.jpg"
"Fernando Collor";"Fernando Collor";"PTB";"AL";"4525";"--";"53/54";"sen_4525.jpg"
"Flexa Ribeiro";"Flexa Ribeiro";"PSDB";"PA";"3634";"--";"54/55";"sen_3634.jpg"
"Francisco Dornelles";"Francisco Dornelles";"PP";"RJ";"765";"--";"53/54";"sen_765.jpg"
"Garibaldi Alves";"Garibaldi Alves";"PMDB";"RN";"4935";"--";"53/54";"sen_4935.jpg"
"Garibaldi Alves Filho";"Garibaldi Alves Filho";"PMDB";"RN";"87";"--";"54/55";"sen_87.jpg"
"Geovani Borges";"Geovani Borges";"PMDB";"AP";"4522";"--";"54/55";"sen_4522.jpg"
"Gilvam Borges";"Gilvam Borges";"PMDB";"AP";"30";"--";"54/55";"sen_30.jpg"
"Gim Argello";"Gim Argello";"PTB";"DF";"4776";"--";"53/54";"sem_foto.jpg"
"Gleisi Hoffmann";"Gleisi Hoffmann";"PT";"PR";"5006";"--";"54/55";"sen_5006.jpg"
"Humberto Costa";"Humberto Costa";"PT";"PE";"5008";"--";"54/55";"sen_5008.jpg"
"Inacio Arruda";"Inacio Arruda";"PC DO B";"CE";"613";"--";"53/54";"sen_613.jpg"
"Itamar Franco";"Itamar Franco";"PPS";"MG";"1754";"--";"54/55";"sen_1754.jpg"
"Ivo Cassol";"Ivo Cassol";"PP";"RO";"5004";"--";"54/55";"sen_5004.jpg"
"Ivonete Dantas";"Ivonete Dantas";"PMDB";"RN";"4937";"--";"53/54";"sen_4937.jpg"
"Jader Barbalho";"Jader Barbalho";"PMDB";"PA";"35";"--";"54/55";"sen_35.jpg"
"Jarbas Vasconcelos";"Jarbas Vasconcelos";"PMDB";"PE";"4545";"--";"53/54";"sen_4545.jpg"
"Jayme Campos";"Jayme Campos";"DEM";"MT";"4531";"--";"53/54";"sen_4531.jpg"
"Joao Alberto Souza";"Joao Alberto Souza";"PMDB";"MA";"950";"--";"54/55";"sen_950.jpg"
"Joao Capiberibe";"Joao Capiberibe";"PSB";"AP";"3394";"--";"54/55";"sen_3394.jpg"
"Joao Durval";"Joao Durval";"PDT";"BA";"4537";"--";"53/54";"sen_4537.jpg"
"Joao Pedro";"Joao Pedro";"PT";"AM";"4774";"--";"53/54";"sen_4774.jpg"
"Joao Ribeiro";"Joao Ribeiro";"PR";"TO";"916";"--";"54/55";"sen_916.jpg"
"Joao Vicente Claudino";"Joao Vicente Claudino";"PTB";"PI";"4541";"--";"53/54";"sen_4541.jpg"
"Joaquim Roriz";"Joaquim Roriz";"PMDB";"DF";"4533";"--";"53/54";"sen_4533.jpg"
"Jorge Viana";"Jorge Viana";"PT";"AC";"4990";"--";"54/55";"sen_4990.jpg"
"Jose Agripino";"Jose Agripino";"DEM";"RN";"40";"--";"54/55";"sen_40.jpg"
"Jose Pimentel";"Jose Pimentel";"PT";"CE";"615";"--";"54/55";"sen_615.jpg"
"Jose Sarney";"Jose Sarney";"PMDB";"AP";"47";"--";"53/54";"sen_47.jpg"
"Katia Abreu";"Katia Abreu";"PSD";"TO";"1249";"--";"53/54";"sen_1249.jpg"
"Lauro Antonio";"Lauro Antonio";"PR";"SE";"5156";"--";"54/55";"sen_5156.jpg"
"Lidice da Mata";"Lidice da Mata";"PSB";"BA";"4575";"--";"54/55";"sen_4575.jpg"
"Lindbergh Farias";"Lindbergh Farias";"PT";"RJ";"3695";"--";"54/55";"sen_3695.jpg"
"Lobao Filho";"Lobao Filho";"PMDB";"MA";"3579";"--";"54/55";"sen_3579.jpg"
"Lucia Vania";"Lucia Vania";"PSDB";"GO";"643";"--";"54/55";"sen_643.jpg"
"Luiz Henrique";"Luiz Henrique";"PMDB";"SC";"5002";"--";"54/55";"sen_5002.jpg"
"Magno Malta";"Magno Malta";"PR";"ES";"631";"--";"54/55";"sen_631.jpg"
"Marcelo Crivella";"Marcelo Crivella";"PRB";"RJ";"3366";"--";"54/55";"sen_3366.jpg"
"Marco Antonio Costa";"Marco Antonio Costa";"DEM";"TO";"4788";"--";"53/54";"sem_foto.jpg"
"Marconi Perillo";"Marconi Perillo";"PSDB";"GO";"4535";"--";"53/54";"sen_4535.jpg"
"Maria do Carmo Alves";"Maria do Carmo Alves";"DEM";"SE";"1023";"--";"53/54";"sen_1023.jpg"
"Marinor Brito";"Marinor Brito";"PSOL";"PA";"4998";"--";"54/55";"sen_4998.jpg"
"Mario Couto";"Mario Couto";"PSDB";"PA";"4539";"--";"53/54";"sen_4539.jpg"
"Marisa Serrano";"Marisa Serrano";"PSDB";"MS";"527";"--";"53/54";"sen_527.jpg"
"Marta Suplicy";"Marta Suplicy";"PT";"SP";"5000";"--";"54/55";"sen_5000.jpg"
"Mozarildo Cavalcanti";"Mozarildo Cavalcanti";"PTB";"RR";"952";"--";"53/54";"sen_952.jpg"
"Niura Demarchi";"Niura Demarchi";"PSDB";"SC";"4961";"--";"53/54";"sen_4961.jpg"
"Osvaldo Sobrinho";"Osvaldo Sobrinho";"PTB";"MT";"1210";"--";"53/54";"sen_1210.jpg"
"Paulo Bauer";"Paulo Bauer";"PSDB";"SC";"3741";"--";"54/55";"sen_3741.jpg"
"Paulo Davim";"Paulo Davim";"PV";"RN";"5020";"--";"54/55";"sen_5020.jpg"
"Paulo Paim";"Paulo Paim";"PT";"RS";"825";"--";"54/55";"sen_825.jpg"
"Pedro Simon";"Pedro Simon";"PMDB";"RS";"68";"--";"53/54";"sen_68.jpg"
"Pedro Taques";"Pedro Taques";"PDT";"MT";"5010";"--";"54/55";"sen_5010.jpg"
"Raimundo Colombo";"Raimundo Colombo";"DEM";"SC";"1206";"--";"53/54";"sen_1206.jpg"
"Randolfe Rodrigues";"Randolfe Rodrigues";"PSOL";"AP";"5012";"--";"54/55";"sen_5012.jpg"
"Reditario Cassol";"Reditario Cassol";"PP";"RO";"5072";"--";"54/55";"sen_5072.jpg"
"Renan Calheiros";"Renan Calheiros";"PMDB";"AL";"70";"--";"54/55";"sen_70.jpg"
"Renato Casagrande";"Renato Casagrande";"PSB";"ES";"3868";"--";"53/54";"sen_3868.jpg"
"Ricardo Ferraco";"Ricardo Ferraco";"PMDB";"ES";"635";"--";"54/55";"sen_635.jpg"
"Roberto Requiao";"Roberto Requiao";"PMDB";"PR";"72";"--";"54/55";"sen_72.jpg"
"Rodrigo Rollemberg";"Rodrigo Rollemberg";"PSB";"DF";"4593";"--";"54/55";"sen_4593.jpg"
"Romero Juca";"Romero Juca";"PMDB";"RR";"73";"--";"54/55";"sen_73.jpg"
"Rosalba Ciarlini";"Rosalba Ciarlini";"DEM";"RN";"4543";"--";"53/54";"sen_4543.jpg"
"Sergio Petecao";"Sergio Petecao";"PSD";"AC";"4560";"--";"54/55";"sen_4560.jpg"
"Sergio Souza";"Sergio Souza";"PMDB";"PR";"5048";"--";"54/55";"sen_5048.jpg"
"Tiao Viana";"Tiao Viana";"PT";"AC";"982";"--";"53/54";"sen_982.jpg"
"Valdir Raupp";"Valdir Raupp";"PMDB";"RO";"3372";"--";"54/55";"sen_3372.jpg"
"Vanessa Grazziotin";"Vanessa Grazziotin";"PC DO B";"AM";"558";"--";"54/55";"sen_558.jpg"
"Vicentinho Alves";"Vicentinho Alves";"PR";"TO";"4763";"--";"54/55";"sen_4763.jpg"
"Virginio de Carvalho";"Virginio de Carvalho";"PSC";"SE";"4786";"--";"53/54";"sen_4786.jpg"
"Vital do Rego";"Vital do Rego";"PMDB";"PB";"4645";"--";"54/55";"sen_4645.jpg"
"Waldemir Moka";"Waldemir Moka";"PMDB";"MS";"1176";"--";"54/55";"sen_1176.jpg"
"Walter Pinheiro";"Walter Pinheiro";"PT";"BA";"604";"--";"54/55";"sen_604.jpg"
"Wellington Dias";"Wellington Dias";"PT";"PI";"5016";"--";"54/55";"sen_5016.jpg"
"Wilson Matos";"Wilson Matos";"PSDB";"PR";"4772";"--";"53/54";"sen_4772.jpg"
"Wilson Santiago";"Wilson Santiago";"PMDB";"PB";"3811";"--";"54/55";"sen_3811.jpg"
"Zeze Perrella";"Zeze Perrella";"PDT";"MG";"5144";"--";"54/55";"sen_5144.jpg"
"Tomas Correia";"Tomas Correia";"PMDB";"RO";"4949";"--";"54/55";"sen_4949.jpg"
"Wilder Morais";"Wilder Morais";"DEM";"GO";"5070";"--";"54/55";"sen_5070.jpg"
"Cidinho Santos";"Cidinho Santos";"PR";"MT";"5108";"--";"54/55";"sen_5108.jpg"
"Antonio Carlos Rodrigues";"Antonio Carlos Rodrigues";"PR";"SP";"4957";"--";"54/55";"sen_4957.jpg"
"Gim";"Gim";"PTB";"DF";"4776";"--";"54/55";"sem_foto.jpg"
"Joao Costa";"Joao Costa";"PPL";"TO";"5166";"--";"54/55";"sen_5166.jpg"
"Marco Antonio Costa";"Marco Antonio Costa";"PSD";"TO";"4788";"--";"54/55";"sem_foto.jpg"
"Sodre Santoro";"Sodre Santoro";"PTB";"RR";"4957";"--";"54/55";"sem_foto.jpg"
"Ruben Figueiro";"Ruben Figueiro";"PSDB";"MS";"4893";"--";"54/55";"sen_4893.jpg"
"Acir Gurgacz";"Acir Gurgacz";"PDT";"RO";"4981";"--";"53/54";"sem_foto.jpg"
"Antonio Aureliano";"Antonio Aureliano";"PSDB";"MG";"4897";"--";"53/54";"sen_4897.jpg"
"Douglas Cintra";"Douglas Cintra";"PTB";"PE";"5178";"--";"54/55";"sen_5178.jpg"
"Fleury";"Fleury";"DEM";"GO";"4873";"--";"54/55";"sen_4873.jpg"
"Jorge Afonso Argello";"Jorge Afonso Argello";"PTB";"DF";"4776";"--";"53/54";"sen_4776.jpg"
"Kaka Andrade";"Kaka Andrade";"PDT";"SE";"5158";"--";"54/55";"sen_5158.jpg"
"Odacir Soares";"Odacir Soares";"PP";"RO";"64";"--";"54/55";"sen_64.jpg"
"Marco Antonio";"Marco Antonio";"DEM";"TO";"4788";"--";"53/54";"sen_4788.jpg"
